participant,split,validation_fold
SC400,development,1
SC401,development,2
SC402,development,4
SC403,test,-1
SC404,test,-1
SC405,development,1
SC406,development,4
SC407,development,5
SC408,development,3
SC409,development,1
SC410,development,1
SC411,test,-1
SC412,development,4
SC413,test,-1
SC414,test,-1
SC415,development,2
SC416,development,5
SC417,test,-1
SC418,development,2
SC419,development,5
SC420,development,5
SC421,development,1
SC422,development,3
SC423,development,5
SC424,development,5
SC425,development,1
SC426,development,2
SC427,development,3
SC428,test,-1
SC429,development,5
SC430,development,3
SC431,test,-1
SC432,development,4
SC433,development,4
SC434,development,1
SC435,test,-1
SC436,development,4
SC437,development,2
SC438,development,4
SC440,development,5
SC441,development,2
SC442,development,4
SC443,development,1
SC444,development,1
SC445,development,5
SC446,development,3
SC447,development,1
SC448,development,2
SC449,development,4
SC450,development,2
SC451,development,2
SC452,development,2
SC453,development,3
SC454,development,2
SC455,test,-1
SC456,development,1
SC457,development,4
SC458,development,3
SC459,development,4
SC460,development,4
SC461,development,5
SC462,development,2
SC463,development,3
SC464,development,3
SC465,development,3
SC466,development,5
SC467,development,5
SC470,development,5
SC471,development,1
SC472,test,-1
SC473,development,1
SC474,development,3
SC475,development,4
SC476,development,2
SC477,development,4
SC480,development,3
SC481,test,-1
SC482,development,3
