participant,recording,split,W,N1,N2,N3,REM
SC400,SC4001,development,188,58,250,220,125
SC400,SC4002,development,183,59,373,297,215
SC401,SC4011,development,157,109,562,105,170
SC401,SC4012,development,162,92,660,96,176
SC402,SC4021,development,128,94,545,95,163
SC402,SC4022,development,125,184,402,119,179
SC403,SC4031,test,140,61,485,57,209
SC403,SC4032,test,136,45,400,131,199
SC404,SC4041,test,200,166,620,53,196
SC404,SC4042,test,185,137,514,94,270
SC405,SC4051,development,208,44,217,135,68
SC405,SC4052,development,222,114,616,114,180
SC406,SC4061,development,142,56,407,136,102
SC406,SC4062,development,193,90,417,129,187
SC407,SC4071,development,124,89,403,162,198
SC407,SC4072,development,407,84,392,222,168
SC408,SC4081,development,323,68,262,350,131
SC408,SC4082,development,144,39,329,282,260
SC409,SC4091,development,150,19,561,170,232
SC409,SC4092,development,139,81,512,107,265
SC410,SC4101,development,155,65,671,6,207
SC410,SC4102,development,144,117,607,25,199
SC411,SC4111,test,126,13,502,129,158
SC411,SC4112,test,126,18,396,111,151
SC412,SC4121,development,176,48,463,107,258
SC412,SC4122,development,290,121,287,80,199
SC413,SC4131,test,155,57,497,147,172
SC414,SC4141,test,187,29,404,151,233
SC414,SC4142,test,181,27,386,145,213
SC415,SC4151,development,172,41,354,177,208
SC415,SC4152,development,807,47,438,178,292
SC416,SC4161,development,216,55,448,165,260
SC416,SC4162,development,179,42,459,128,195
SC417,SC4171,test,176,21,328,215,262
SC417,SC4172,test,689,44,687,188,165
SC418,SC4181,development,138,29,388,291,118
SC418,SC4182,development,147,151,290,216,116
SC419,SC4191,development,188,118,833,110,286
SC419,SC4192,development,376,72,434,60,332
SC420,SC4201,development,263,39,539,4,177
SC420,SC4202,development,215,120,479,0,207
SC421,SC4211,development,745,106,527,49,151
SC421,SC4212,development,189,87,402,43,87
SC422,SC4221,development,173,221,461,62,182
SC422,SC4222,development,167,90,497,134,220
SC423,SC4231,development,127,139,414,12,212
SC423,SC4232,development,916,382,213,1,217
SC424,SC4241,development,846,85,514,44,184
SC424,SC4242,development,944,94,556,5,176
SC425,SC4251,development,133,102,569,22,146
SC425,SC4252,development,210,113,425,98,174
SC426,SC4261,development,627,245,405,94,226
SC426,SC4262,development,167,77,464,79,193
SC427,SC4271,development,168,72,475,163,174
SC427,SC4272,development,223,87,379,178,223
SC428,SC4281,test,193,76,530,159,169
SC428,SC4282,test,204,81,474,145,166
SC429,SC4291,development,244,181,427,104,175
SC429,SC4292,development,733,49,457,146,220
SC430,SC4301,development,211,109,457,30,122
SC430,SC4302,development,173,96,418,32,135
SC431,SC4311,test,358,79,362,113,142
SC431,SC4312,test,313,152,334,191,191
SC432,SC4321,development,646,204,424,0,286
SC432,SC4322,development,160,144,475,1,241
SC433,SC4331,development,1055,212,453,0,168
SC433,SC4332,development,435,91,648,0,138
SC434,SC4341,development,618,150,561,0,172
SC434,SC4342,development,684,136,596,0,166
SC435,SC4351,test,351,78,419,104,24
SC435,SC4352,test,222,66,498,105,72
SC436,SC4362,development,156,53,499,48,68
SC437,SC4371,development,144,234,484,11,45
SC437,SC4372,development,682,282,433,6,106
SC438,SC4381,development,893,95,612,16,160
SC438,SC4382,development,979,103,583,37,169
SC440,SC4401,development,410,163,377,4,110
SC440,SC4402,development,209,92,375,142,254
SC441,SC4411,development,181,145,502,46,204
SC441,SC4412,development,178,64,356,226,100
SC442,SC4421,development,147,34,283,163,158
SC442,SC4422,development,215,159,298,124,88
SC443,SC4431,development,142,63,331,82,81
SC443,SC4432,development,150,41,430,144,197
SC444,SC4441,development,416,183,405,91,100
SC444,SC4442,development,282,92,530,92,96
SC445,SC4451,development,269,235,258,307,139
SC445,SC4452,development,191,162,358,267,188
SC446,SC4461,development,196,118,484,9,176
SC446,SC4462,development,147,198,472,19,186
SC447,SC4471,development,365,78,349,275,120
SC447,SC4472,development,1437,161,299,144,120
SC448,SC4481,development,926,299,471,95,236
SC448,SC4482,development,968,146,520,116,160
SC449,SC4491,development,210,149,512,14,216
SC449,SC4492,development,307,157,416,27,133
SC450,SC4501,development,539,190,402,2,193
SC450,SC4502,development,299,78,493,42,191
SC451,SC4511,development,151,409,398,3,126
SC451,SC4512,development,226,179,435,2,112
SC452,SC4522,development,283,89,530,11,84
SC453,SC4531,development,242,124,465,85,180
SC453,SC4532,development,175,147,543,21,170
SC454,SC4541,development,820,199,557,5,135
SC454,SC4542,development,281,208,461,78,120
SC455,SC4551,test,314,91,487,48,107
SC455,SC4552,test,334,115,395,1,245
SC456,SC4561,development,281,521,272,50,113
SC456,SC4562,development,283,365,335,28,137
SC457,SC4571,development,278,186,513,0,250
SC457,SC4572,development,175,104,569,29,218
SC458,SC4581,development,194,152,578,10,161
SC458,SC4582,development,345,195,543,6,86
SC459,SC4591,development,863,199,363,157,258
SC459,SC4592,development,504,194,277,101,155
SC460,SC4601,development,601,38,252,288,170
SC460,SC4602,development,1111,223,264,196,249
SC461,SC4611,development,715,123,276,139,399
SC461,SC4612,development,208,96,479,65,214
SC462,SC4621,development,332,276,745,14,78
SC462,SC4622,development,926,347,431,4,115
SC463,SC4631,development,292,131,481,39,120
SC463,SC4632,development,224,157,558,28,140
SC464,SC4641,development,632,179,382,0,78
SC464,SC4642,development,1161,243,518,0,127
SC465,SC4651,development,1424,100,821,140,159
SC465,SC4652,development,865,204,463,186,211
SC466,SC4661,development,1079,375,422,40,110
SC466,SC4662,development,1017,235,414,78,250
SC467,SC4671,development,939,356,507,17,149
SC467,SC4672,development,345,213,339,29,95
SC470,SC4701,development,736,143,698,35,105
SC470,SC4702,development,707,233,444,33,98
SC471,SC4711,development,452,234,605,4,118
SC471,SC4712,development,430,230,446,0,135
SC472,SC4721,test,257,259,341,0,174
SC472,SC4722,test,310,240,444,0,136
SC473,SC4731,development,1840,222,470,0,135
SC473,SC4732,development,1349,470,363,0,136
SC474,SC4741,development,1229,158,610,0,213
SC474,SC4742,development,308,207,340,0,208
SC475,SC4751,development,1428,102,467,0,47
SC475,SC4752,development,378,143,436,20,72
SC476,SC4761,development,1069,127,425,27,35
SC476,SC4762,development,1839,161,268,0,394
SC477,SC4771,development,402,348,461,5,109
SC477,SC4772,development,753,111,240,87,133
SC480,SC4801,development,288,203,595,13,142
SC480,SC4802,development,342,204,541,6,136
SC481,SC4811,test,360,88,528,121,196
SC481,SC4812,test,458,138,347,102,138
SC482,SC4821,development,841,66,407,162,228
SC482,SC4822,development,510,121,400,156,179
