participant,split
SC400,development
SC401,development
SC402,development
SC403,test
SC404,test
SC405,development
SC406,development
SC407,development
SC408,development
SC409,development
SC410,development
SC411,test
SC412,development
SC413,test
SC414,test
SC415,development
SC416,development
SC417,test
SC418,development
SC419,development
SC420,development
SC421,development
SC422,development
SC423,development
SC424,development
SC425,development
SC426,development
SC427,development
SC428,test
SC429,development
SC430,development
SC431,test
SC432,development
SC433,development
SC434,development
SC435,test
SC436,development
SC437,development
SC438,development
SC440,development
SC441,development
SC442,development
SC443,development
SC444,development
SC445,development
SC446,development
SC447,development
SC448,development
SC449,development
SC450,development
SC451,development
SC452,development
SC453,development
SC454,development
SC455,test
SC456,development
SC457,development
SC458,development
SC459,development
SC460,development
SC461,development
SC462,development
SC463,development
SC464,development
SC465,development
SC466,development
SC467,development
SC470,development
SC471,development
SC472,test
SC473,development
SC474,development
SC475,development
SC476,development
SC477,development
SC480,development
SC481,test
SC482,development
